{"filter":false,"title":"TrustRelationship.json","tooltip":"/TrustRelationship.json","undoManager":{"mark":0,"position":0,"stack":[[{"start":{"row":0,"column":0},"end":{"row":12,"column":1},"action":"insert","lines":["{","  \"Version\": \"2012-10-17\",","  \"Statement\": [","    {","      \"Effect\": \"Allow\",","      \"Principal\": {","        \"AWS\": \"arn:aws:iam::704907556111:user/edXProjectUser\"","      },","      \"Action\": \"sts:AssumeRole\",","      \"Condition\": {}","    }","  ]","}"],"id":1}]]},"ace":{"folds":[],"scrolltop":0,"scrollleft":0,"selection":{"start":{"row":12,"column":1},"end":{"row":12,"column":1},"isBackwards":false},"options":{"guessTabSize":true,"useWrapMode":false,"wrapToView":true},"firstLineState":0},"timestamp":1552251151495,"hash":"f2d1039b43840319c2ea26d6dfde472508da0b6d"}